country_iso,year,ndvi_mean,pm25_mean,temp_celsius,precip_mm_month,hazard_score
USA,2005,0.52,10.2,12.1,68,28
USA,2010,0.50,11.0,12.4,70,30
USA,2013,0.48,11.5,12.8,69,32
IND,2005,0.44,32.0,24.5,92,60
IND,2010,0.42,34.0,25.2,95,63
IND,2013,0.39,35.5,25.8,98,65
BRA,2005,0.61,18.5,24.0,120,45
BRA,2010,0.59,20.2,24.6,118,48
BRA,2013,0.57,21.0,25.1,117,50
