country_iso,year,gini,population_millions,density_per_km2,economic_openness
USA,2005,39.5,296.5,32,87
USA,2010,40.1,309.3,34,90
USA,2013,41.0,316.2,35,92
IND,2005,35.8,1140.0,345,45
IND,2010,37.2,1230.0,368,48
IND,2013,38.5,1310.0,392,51
BRA,2005,54.0,186.0,23,55
BRA,2010,52.7,195.0,24,59
BRA,2013,51.9,200.0,25,62
